eval_id,text_ko,eval_focus,matched_terms,target_lang,nllb_translation,nllb_time_sec,small100_translation,small100_time_sec,winner,note
SCHOOL-KO-001,2026학년도 6학년 1학기 1일형 현장체험학습 참가 신청서 원하는 곳에 표하여 4월 20일(월)까지 담임선생님께 제출 바랍니다(기한 엄수).,domain_term;schedule;submission;money,현장체험학습;체험학습;신청서;기한;제출;학년,vi,Đơn xin tham gia học tập 1 ngày trường học năm 2026 cho học viên quản lý vào ngày 20 tháng 4 năm 2026.,1.964,Năm 2026 xin gửi đơn xin tham gia vào kỳ thi thi trường học đầu tiên của năm 2026 và xin gửi cho giáo viên chuyên môn cho đến ngày 20 tháng 4 (Điều dài hạn).,1.299,nllb,"small100 is faster but shows semantic drift or unstable school-domain translation; nllb remains the safer baseline, with glossary/post-processing still required."
SCHOOL-KO-002,"교육 관련문의: 강서양천교육지원청 과학교육센터 ( 02-2662-0492, 내선824) 2022 진로 연계 AI-메이커 교실 신청서 학년 반 이름 희망 기수 보호자 동행 등하교 가능 여부(교내 주차 불가) 보호자 연락처(휴대폰) 개인정보 활용동의 6학년 ( )반 1순위 기 O / X O / X 2순위 기 3순위 기",submission;money;attendance;guardian_privacy;schedule,보호자 연락처;보호자;신청서;연락처;문의;하교;학년,vi,"Tạp chí liên quan đến giáo dục: Đại Tây Dương Đại học Học Viện Giáo dục Trung tâm Giáo dục Khoa học (02-2662-0492, đường nội tuyến 824) 2022 Định đường liên kết AI-Makeur đơn xin lớp học năm học nửa tên hy vọng người bảo hộ hành vi hành vi hành vi hành vi hành vi hành vi hành vi hành vi hành vi có thể hay không liên hệ với người bảo hộ liên hệ với người bảo hộ (những chiếc điện thoại) sử dụng quyền riêng tư liên kết năm thứ sáu () Phần 1 từ O",7.144,"Các vấn đề liên quan đến giáo dục: Trung tâm giáo dục giáo dục ( 02-2662-0492, nội tuyến 824) 2022 liên kết thực tế AI-Maker lớp học ứng dụng năm học nửa tên hy vọng người bảo hộ hộ hộ tống v.v. có thể (bãi đỗ xe công cộng) Liên hệ bảo vệ ( điện thoại di động) Trường học 6 ( )Trường 1 trong O / X O / X 2 trong số 3 trong số",2.631,nllb,"small100 is faster but shows semantic drift or unstable school-domain translation; nllb remains the safer baseline, with glossary/post-processing still required."
SCHOOL-KO-003,"참가 희망 시작성학생 연락처보호자 연락처개인정보제공동의수집항목: 신청서 기재 사항 수집목적: 2026학년도 기초학력 공유학교 참가 아동 관리보유기간: 신청일로부터 2026학년도 기초학력 공유학교 교육활동 종료일까지 동의함(신청서 제출 시, 동의함으로 간주함) 2026. 3.",schedule;submission;guardian_privacy;money,보호자 연락처;보호자;신청서;연락처;제출;학년;학생,vi,Mục tiêu thu thập thông tin trong đơn xin: Thời gian bảo hiểm chăm sóc trẻ em tham gia trường học chung năm 2026: Từ ngày nộp đơn đến ngày kết thúc hoạt động giáo dục tại trường học chung năm 2026. 3.,4.058,"Đề nghị tham gia Đề nghị bắt đầu Đề nghị Liên hệ Sinh viên Liên hệ Nhân viên Thông tin chung Số lượng: Đề nghị thu thập mục tiêu: Năm 2026 Học sinh cơ bản Chia sẻ Học viện Bảo trì trẻ em Thời gian: từ ngày nộp đơn vào năm 2026 Học sinh cơ bản Chia sẻ Học viện Chia sẻ Học viện (Đề nghị, được coi là đồng ý) 2026. 3.",2.327,nllb,"small100 is faster but shows semantic drift or unstable school-domain translation; nllb remains the safer baseline, with glossary/post-processing still required."
SCHOOL-KO-004,"2020학년도 경기도용인교육지원청 관내 영재교육대상자 3월 선발에 관한 사항을 아래와 같이 안내하오니, 선발에 응시하고자 하는 학생들은 아래의 희망신청서를 6월 10일(수요일) 까지 각 학급 담임교사에게 제출하여 주시기 바랍니다.",domain_term;schedule;submission;money,담임교사;수요일;신청서;대상;제출;학급;학년;학생,vi,Các học sinh muốn tham gia vào cuộc thi năm 2020 sẽ được hướng dẫn dưới đây về sự lựa chọn của các nhà quản lý tài năng giáo dục đại diện cho năm 2020 và xin nộp đơn xin xin xin cho các giáo viên phụ trách mỗi lớp vào ngày 10 tháng 6 (Thứ Sáu).,3.859,"Trong trường hợp này, các sinh viên muốn tham gia vào cuộc bầu cử, xin vui lòng nộp đơn xin kỳ vọng dưới đây cho mỗi giáo viên phụ trách lớp vào ngày 10 tháng 6 (tháng thứ Tư).",1.298,nllb,"small100 is faster but shows semantic drift or unstable school-domain translation; nllb remains the safer baseline, with glossary/post-processing still required."
SCHOOL-KO-005,"강좌: 이야기한국사 / 모집대상: 1-3학년 / 요일: 수 / 학기 중 시간: A 13:30~15:10 / 방학 중 시간: A 09:00~10:40 / 장소: 본관4층 교과2실 / 11차시 수강료 81,950원 / 교재비 12,000원 / 재료비 24,000원",schedule;money,교재;기한;대상;방학;시간;장소;학년,vi,"Học tập: nói tiếng Hàn / Đại học tuyển dụng: 1-3 lớp / ngày: số / thời gian trong học kỳ: A 13:30~15:10 / thời gian trong học kỳ: A 09:00~10:40 / địa điểm: trụ sở tầng 4 lớp học 2 phòng / 11 giờ học phí 81,950 học sinh / học phí 12.000 học sinh / vật liệu chi phí 24.000 học sinh",5.114,Lời bài hát: Lời bài hát: Lời bài hát: Lời bài hát: Lời bài hát: Lời bài hát: Lời bài hát: Lời bài hát: Lời bài hát: Lời bài hát: Lời bài hát: Lời bài hát: Lời bài hát: Lời bài hát: Lời bài hát: Lời bài hát: Lời bài hát: Lời bài hát: Lời bài hát: Lời bài hát: Lời bài hát: Lời bài hát: Lời bài hát: Lời bài hát:,3.153,nllb,"small100 repeats ""Loi bai hat"" and loses course/payment meaning; nllb still needs glossary/post-processing."
SCHOOL-KO-006,"2026년 월 일보호자 : (인)서울송파초등학교 귀하 학교장 확인사항(아래는 학교에서 기록함.) 종 목전( )학년 수업일수 결석일수(질병,무단) 출석인정결석 출석인정조퇴 출석인정결과 ( )일 ( )일 ( )일 ( )시간 ( )시간 전( )학기 최저학력기준 미도달 과목 국( ),영( ),수( ),사( ),과( ) 제출자료",schedule;submission;attendance;guardian_privacy;money,출석인정;보호자;결석;시간;제출;조퇴;학년,vi,Tháng 1 năm 2026 người bảo hộ: (trong) trung học trung học Sơ-Lưu-lăng (Sơ-Lưu-lăng) Giám đốc trường học xác nhận (được ghi lại dưới đây tại trường học) kết thúc giờ học (đáng sinh) kết thúc giờ học (đáng sinh) kết thúc giờ học (đáng sinh) kết thúc giờ học (đáng sinh) ngày (đáng sinh) giờ (đáng sinh) giờ (đáng sinh) cấp thấp nhất (đáng sinh) bài học (đáng,7.455,Chương trình giảng dạy năm 2026: Chương trình giảng dạy giáo dục giáo dục giáo dục giáo dục giáo dục giáo dục giáo dục giáo dục giáo dục giáo dục giáo dục giáo dục giáo dục giáo dục giáo dục giáo dục giáo dục giáo dục giáo dục giáo dục giáo dục giáo dục giáo dục giáo dục giáo dục giáo dục giáo dục giáo dục giáo dục giáo dục giáo dục giáo dục giáo dục giáo dục giáo dục giáo dục giáo dục giáo dục giáo dục giáo dục giáo dục giáo dục giáo dục giáo dục giáo dục giáo dục giáo dục giáo dục giáo dục giáo dục giáo dục giáo dục giáo dục giáo dục,3.266,nllb,small100 repeats education-related phrase and loses form structure; nllb also noisy but preserves more fields.
SCHOOL-KO-007,e알리미로 4월 15일(수)까지 동의 관련 서명을 해 주시거나 학생이 등교시 담임선생님께 동의서를 제출해 주시면 됩니다.,domain_term;schedule;submission;attendance;money,e알리미;동의서;등교;서명;제출;학생,vi,Bạn có thể đăng ký vào ngày 15 tháng 4 hoặc xin học sinh nộp cho giáo viên giám đốc của trường.,1.546,Bạn có thể ký kết thông qua e-mail cho đến ngày 15 tháng 4 hoặc gửi thông qua sự đồng ý của bạn cho giáo viên.,0.926,nllb,"small100 is faster but shows semantic drift or unstable school-domain translation; nllb remains the safer baseline, with glossary/post-processing still required."
SCHOOL-KO-008,"본교에서는 전교생을 대상으로 무상 우유급식을 실시하고 있습니다.하지만 개인의 건강상의 문제(찬우유 배앓이, 알레르기, 소화장애, 아토피질환) 등으로 우유급식이 곤란할 경우 미급식 신청서를 받고자 합니다.우유미급식 신청서는 3월 5일(목)16:00까지 e-알리미로 제출하여 주시기 바랍니다.",domain_term;schedule;submission;health_safety;money,알레르기;신청서;급식;대상;제출,vi,"Trường trung ương đang thực hiện bữa tiệc sữa miễn phí cho các sinh viên, nhưng nếu có vấn đề sức khỏe của cá nhân (những vấn đề như đau bụng, dị ứng, rối loạn tiêu hóa, rối loạn cơ thể) thì chúng tôi sẽ nhận được đơn xin cấp dưỡng.",4.054,"Trong trường đại học, chúng tôi thực hiện một bữa ăn sữa miễn phí dành cho sinh viên cũ, nhưng nếu bạn gặp vấn đề sức khỏe của cá nhân (cơn khát sữa, dị ứng, rối loạn tiêu hóa, bệnh tĩnh mạch), bạn muốn nhận được đơn xin ăn sữa sớm.Vui lòng gửi đơn xin sữa sớm đến ngày 5 tháng 3 lúc 16:00.",2.319,nllb,"small100 is faster but shows semantic drift or unstable school-domain translation; nllb remains the safer baseline, with glossary/post-processing still required."
SCHOOL-KO-009,"강좌: 행복수학 / 모집대상: 1-6학년 / 요일: 월 / 학기 중 시간: B 14:20~16:00 / 방학 중 시간: B 10:50~12:30 / 장소: 본관4층 교과1실 / 11차시 수강료 81,950원 / 교재비 39,000원 / 학년 과정에 알맞은 1:1 수준별 맞춤 지도",schedule;money,교재;대상;방학;시간;장소;학년,vi,"Khóa học: Hạnh phúc toán học / Đại học tuyển dụng: lớp 1-6 / Chủ nhật: Tháng / thời gian giữa học kỳ: B 14:20~16:00 / thời gian giữa học kỳ: B 10:50~12:30 / địa điểm: trụ sở tầng 4 lớp học 1 phòng / 11 lớp học phí học 81,950 học sinh / học phí 39,000 học sinh / phù hợp với khóa học: Đơn vị bản đồ theo cấp 1:1",6.035,"Các khóa học: Hạnh phúc toán học / tuyển dụng mục tiêu: 1-6 lớp / ngày: tháng / giờ học kỳ: B 14:20 ~ 16:00 / giờ nghỉ: B 10:50 ~ 12:30 / Địa điểm: trụ sở 4 tầng lớp 1 phòng / 11 học phí 81.950 / phí học phí 39,000 / bản đồ tùy chỉnh 1:1 phù hợp với khóa học học năm học",2.216,nllb,"small100 is faster but shows semantic drift or unstable school-domain translation; nllb remains the safer baseline, with glossary/post-processing still required."
SCHOOL-KO-010,"강좌: 창의과학실험 / 모집대상: 1-2학년(정원15명) / 요일: 목 / 학기 중 시간: A 13:30~15:10 / 방학 중 시간: A 09:00~10:40 / 장소: 본관2층 해누리터 / 12차시 수강료 89,400원 / 교재비 48,000원",schedule;money,교재;대상;방학;시간;장소;학년,vi,Chương trình đào tạo: Khoa học Khoa học / Đại học tuyển dụng: 1-2 lớp (từ 15 người) / Ngày: Lớp / Thời gian trong học: A 13:30~15:10 / Thời gian trong học: A 09:00~10:40 / Địa điểm: Hạ viện tầng 2 Hà Nội / 12 lần học phí 89.400 học viên / học phí 48.000 học viên,5.325,Chương trình giảng dạy: Chương trình giảng dạy: Chương trình giảng dạy: Chương trình giảng dạy: Chương trình giảng dạy: Chương trình giảng dạy: Chương trình giảng dạy: Chương trình giảng dạy: Chương trình giảng dạy: Chương trình giảng dạy: Chương trình giảng dạy: Chương trình giảng dạy: Chương trình giảng dạy: Chương trình giảng dạy: Chương trình giảng dạy: Chương trình giảng dạy: Chương trình giảng dạy: Chương trình giảng dạy: Chương trình giảng dạy: Chương trình giảng dạy: Chương trình giảng dạy: Chương trình giảng dạy: Chương trình giảng dạy: Chương trình giảng dạy:,3.262,nllb,"small100 repeats ""Chuong trinh giang day"" and loses class details; nllb is more usable with post-processing."
SCHOOL-KO-011,"강좌: 우쿨렐레 / 모집대상: 1-4학년 / 요일: 화 / 학기 중 시간: A 13:30~15:10 / 방학 중 시간: A 09:00~10:40 / 장소: 본관4층 교과2실 / 11차시 수강료 81,950원 / 교재비 5,000원 / 악기, 교재개별 구매",schedule;money,교재;대상;방학;시간;장소;학년,vi,"Học tập: Uculréle / Đại học tuyển dụng: 1-4 lớp / Đáng Nhật: Ngày / Thời gian giữa học kỳ: A 13:30~15:10 / Thời gian giữa học kỳ: A 09:00~10:40 / Địa điểm: Trại sở tầng 4 lớp học 2 phòng / 11h học phí 81,950 học sinh / Thuốc 5.000 học sinh / nhạc cụ, Thuốc phân biệt mua",5.702,Lễ học: Ukulele / tuyển dụngCác mục tiêu: 1-4 lớp / ngày: tuần / Thời gian học kỳ A 13:30 ~ 15:10 / Thời gian nghỉ phép A 09:00 ~ 10:40 / Địa điểm: trụ sở 4 tầng 2 phòng học / 11 học phí 81.950 / phí học phí 5000 / công cụ mua hàng cá nhân,2.149,nllb,"small100 is faster but shows semantic drift or unstable school-domain translation; nllb remains the safer baseline, with glossary/post-processing still required."
SCHOOL-KO-012,"강좌: 3D스팀펜 / 모집대상: 1-6학년 / 요일: 수 / 학기 중 시간: A 13:30~15:10 / 방학 중 시간: A 9:00~10:40 / 장소: 본관4층 실과실 / 11차시 수강료 81,950원 / 교재비 55,000원",schedule;money,교재;대상;방학;시간;장소;학년,vi,"Khóa học: 3D Steampen / Đại học tuyển dụng: lớp 1-6 / ngày: số / thời gian trong học kỳ: A 13:30~15:10 / thời gian trong học kỳ: A 9:00~10:40 / địa điểm: phòng thí nghiệm tầng 4 của trụ sở / 81,950 học sinh / học phí 55,000 học sinh",4.733,Các khóa học: 3D Student Pen / tuyển dụng mục tiêu: 1-6 lớp / ngày: số / Thời gian học kỳ: A 13:30 ~ 15:10 / Thời gian kỳ nghỉ: A 9:00 ~ 10:40 / Địa điểm: trụ sở 4 tầng / Phòng học 11 lớp học học: 89.950 USD / phí học tập 55.000 USD,2.123,nllb,"small100 is faster but shows semantic drift or unstable school-domain translation; nllb remains the safer baseline, with glossary/post-processing still required."
SCHOOL-KO-013,1학년 현장체험학습 참가비를 9월 27(화)~30일(금) 기간 동안 신청하신 수익자부담경비 납부 계좌인 스쿨뱅킹 또는 신용카드를 통해 납부 바랍니다.,domain_term;money;schedule,현장체험학습;스쿨뱅킹;체험학습;참가비;납부;학년,vi,"Chúng tôi muốn thanh toán các khoản tham gia học tập tại trường học năm thứ nhất thông qua tài khoản ngân hàng hoặc thẻ tín dụng của bạn, tài khoản thanh toán bảo hiểm lợi nhuận mà bạn đã đăng ký trong khoảng thời gian từ ngày 27 tháng 9 đến ngày 30.",3.484,Vui lòng thanh toán chi phí học tập trong lớp 1 thông qua tài khoản thanh toán bảo đảm lợi nhuận của người sử dụng trong giai đoạn 27-30 ngày (tháng 9) hoặc thẻ tín dụng của bạn.,1.268,nllb,"small100 is faster but shows semantic drift or unstable school-domain translation; nllb remains the safer baseline, with glossary/post-processing still required."
SCHOOL-KO-014,2학년 현장체험학습 참가비를 9월 27(화)~30일(금) 기간 동안 신청하신 수익자부담경비 납부 계좌인 스쿨뱅킹 또는 신용카드를 통해 납부 바랍니다.,domain_term;money;schedule,현장체험학습;스쿨뱅킹;체험학습;참가비;납부;학년,vi,Chúng tôi muốn thanh toán các khoản tham gia học tập tại trường học năm thứ hai thông qua tài khoản ngân hàng học tập hoặc thẻ tín dụng của bạn trong thời gian từ ngày 27 tháng 9 đến ngày 30 tháng 9.,2.988,Vui lòng thanh toán chi phí học tập trong lớp 2 thông qua tài khoản thanh toán bảo đảm lợi nhuận của người sử dụng trong giai đoạn 27-30 ngày (tháng) tháng 9 hoặc thẻ tín dụng của bạn.,1.299,nllb,"small100 is faster but shows semantic drift or unstable school-domain translation; nllb remains the safer baseline, with glossary/post-processing still required."
SCHOOL-KO-015,3학년 현장체험학습 참가비를 9월 27(화)~30일(금) 기간 동안 신청하신 수익자부담경비 납부 계좌인 스쿨뱅킹 또는 신용카드를 통해 납부 바랍니다.,domain_term;money;schedule,현장체험학습;스쿨뱅킹;체험학습;참가비;납부;학년,vi,"Chúng tôi muốn thanh toán các khoản tham gia học tập tại trường năm thứ ba thông qua tài khoản ngân hàng hoặc thẻ tín dụng của bạn, tài khoản thanh toán bảo hiểm lợi nhuận mà bạn đã đăng ký trong khoảng thời gian từ ngày 27 tháng 9 đến ngày 30 tháng 9.",3.550,Vui lòng thanh toán chi phí học tập trong lớp 3 thông qua tài khoản thanh toán bảo đảm lợi nhuận của người sử dụng trong giai đoạn 27-30 ngày (tháng) tháng 9 hoặc thẻ tín dụng của bạn.,1.350,nllb,"small100 is faster but shows semantic drift or unstable school-domain translation; nllb remains the safer baseline, with glossary/post-processing still required."
SCHOOL-KO-016,5학년 현장체험학습 참가비 납부 안내 제2022-202호 5학년 학부모님께언제나 신월 교육활동에 관심과 애정으로 협조해주시는 학부모님께 진심으로 감사드립니다.10월 13일(목요일)로 예정된 5학년 현장체험학습의 참가비가 다음과 같이 확정되어 안내드립니다.,domain_term;money;guardian_privacy;schedule,현장체험학습;체험학습;목요일;참가비;납부;학년,vi,Cảm ơn các bậc cha mẹ và cha mẹ của năm năm 2022-202 vì đã quan tâm và quan tâm đến các hoạt động giáo dục trong tháng Mười Năm và vì đã giúp đỡ các bậc cha mẹ và cha mẹ trong việc tham gia vào các khóa học năm năm 2022-202 được lên kế hoạch vào thứ Năm ngày 13 tháng Mười.,4.609,Cảm ơn các bạn đã luôn luôn quan tâm và yêu thương các bạn trong các hoạt động giáo dục năm học năm 5 năm 2018 và chúng tôi sẽ xác định chi phí tham gia vào các khóa học giáo dục năm 5 năm 2018 như sau:,1.454,nllb,"small100 is faster but shows semantic drift or unstable school-domain translation; nllb remains the safer baseline, with glossary/post-processing still required."
SCHOOL-KO-017,학년 현장체험학습 참가비를 9월 27(화)~30일(금) 기간 동안 신청하신 수익자부담경비 납부계좌인 스쿨뱅킹 또는 신용카드를 통해 납부 바랍니다.,domain_term;money;schedule,현장체험학습;스쿨뱅킹;체험학습;참가비;납부;학년,vi,Chúng tôi yêu cầu bạn thanh toán tiền tham gia vào học kỳ thực tập tại trường học trong thời gian từ ngày 27 tháng 9 đến ngày 30 tháng 9 thông qua tài khoản thanh toán ngân hàng hoặc thẻ tín dụng của bạn.,3.142,"Vui lòng thanh toán chi phí học tập trong năm học bằng ngân hàng trường học hoặc thẻ tín dụng của bạn, tài khoản thanh toán bảo đảm lợi nhuận mà bạn đã nộp đơn trong giai đoạn từ ngày 27 tháng 9 đến ngày 30 tháng 9.",1.479,nllb,"small100 is faster but shows semantic drift or unstable school-domain translation; nllb remains the safer baseline, with glossary/post-processing still required."
SCHOOL-KO-018,1) 담임교사 수업공개 대상 학년교과시간참관 장소교사참관대상1학년창체2교시(9:50~10:30)해당 교실담임대상학급학부모2학년창체3학년창체6교시(13:40~14:20)4학년창체5학년창체6학년국어,domain_term;schedule;guardian_privacy;money,담임교사;대상;시간;장소;학급;학년,vi,1) Đội giáo viên lớp công khai mục tiêu Đội giáo viên và thời gian Đội giáo viên địa điểm Đội giáo viên Đội giáo viên Đội giáo viên Đội giáo viên năm thứ hai Đội giáo viên 9:50-10:30) Đội giáo viên Đội giáo viên Đội giáo viên Đội giáo viên Cha mẹ Đội giáo viên năm thứ hai Đội giáo viên năm thứ sáu Đội giáo viên 13:40-14:20) Đội giáo viên năm thứ năm Đội giáo viên năm thứ sáu Ngôn ngữ,6.964,1) Học sinh học sinh học sinh học sinh học sinh học sinh học sinh học sinh học sinh học sinh học sinh học sinh học sinh học sinh học sinh học sinh học sinh học sinh học sinh học sinh học sinh học sinh học sinh học sinh học sinh học sinh học sinh học sinh học sinh học sinh học sinh học sinh học sinh học sinh học sinh học sinh học sinh học sinh học sinh học sinh học sinh học sinh học sinh học sinh học sinh học sinh học sinh học sinh học sinh học sinh học sinh học sinh học sinh học sinh học sinh học sinh học sinh học sinh học sinh học,3.290,nllb,"small100 repeats ""Hoc sinh"" and fails table-like lesson information; nllb is also rough but better baseline."
SCHOOL-KO-019,"1. 수집 이용목적 : 학생의 긴급상황시 위기상담 지원 위함2. 수집항목 : 학생 개인정보, 보호자 연락처, 보호자 부재 시 연락처3. 이용 및 보유기간 : 2026학년도 (2026. 3. 3. ~ 2027. 2. 28.)",money;guardian_privacy;schedule,보호자 연락처;보호자;연락처;상담;학년;학생,vi,"1. Mục đích sử dụng thu thập: Uỷ ban hỗ trợ giải quyết khẩn cấp của học sinh 2. Vấn đề thu thập: Thông tin cá nhân của học sinh, địa chỉ liên lạc của người bảo vệ, địa chỉ liên lạc khi người bảo vệ không có 3. Thời gian sử dụng và lưu giữ: năm học 2026 (2026. 3. ~ 2027. 2. 28.)",4.800,"1. mục đích thu thập: Hỗ trợ tham vấn khủng hoảng trong trường hợp khẩn cấp của sinh viên 2. mục thu thập: cá nhân học sinh, liên lạc bảo vệ, liên lạc trong trường hợp không có bảo vệ 3. Thời gian sử dụng và bảo tồn: năm học 2026 (3. ~ 2027. 2. 28)",1.887,nllb,"small100 is faster but shows semantic drift or unstable school-domain translation; nllb remains the safer baseline, with glossary/post-processing still required."
SCHOOL-KO-020,"또한, 코로나 19로 학년별 등교일이 상이하여 e알리미를 통해 동의서를 온라인으로 수집하고자 하오니 개인정보 수집 이용 및 제3자 제공 관련 내용을 숙지하시어 동의 여부를 e알리미를 통해 제출해주시기 바랍니다.",submission;attendance;guardian_privacy;money;schedule,e알리미;동의서;코로나;등교;제출;학년,vi,"Ngoài ra, vì bệnh Corona 19 đã xảy ra, chúng tôi muốn thu thập thông tin đồng ý trực tuyến thông qua eAlimy, vì vậy chúng tôi yêu cầu bạn xem thông tin liên quan đến việc sử dụng thu thập dữ liệu cá nhân và cung cấp của bên thứ ba, và xin vui lòng nộp thông tin đồng ý thông qua eAlimy.",4.775,"Ngoài ra, nếu bạn muốn thu thập sự đồng ý trực tuyến thông qua eAlimy thông qua việc thu thập thông tin liên quan đến việc thu thập thông tin cá nhân và cung cấp của bên thứ ba, xin vui lòng gửi sự đồng ý của bạn thông qua eAlimy.",1.751,nllb,"small100 is faster but shows semantic drift or unstable school-domain translation; nllb remains the safer baseline, with glossary/post-processing still required."
